<?xml version="1.0" encoding="UTF-8"?>
<beans xmlns="http://xbean.org/schemas/spring/1.0" 
      xmlns:xsi="http://www.w3.org/2001/XMLSchema-instance" 
      xmlns:sm="http://servicemix.apache.org/config/1.0"
      xmlns:lb="http://servicemix.apache.org/demos/gettingstarted">

  <bean id="propertyConfigurer" class="org.springframework.beans.factory.config.PropertyPlaceholderConfigurer">
      <property name="location" value="classpath:servicemix.properties" />
  </bean>
    
  <import resource="classpath:activemq.xml" />
  <import resource="classpath:jmx.xml" />
  <import resource="classpath:jndi.xml" />
  <import resource="classpath:security.xml" />
  <import resource="classpath:tx.xml" />
                          
   <sm:container name="jbi"
                 monitorInstallationDirectory="false"
                 createMBeanServer="true"
                 useMBeanServer="true">
      <sm:activationSpecs>

         <sm:activationSpec componentName="trace" service="lb:trace">
            <sm:component>
               <bean xmlns="http://xbean.org/schemas/spring/1.0"
                  class="org.apache.servicemix.components.util.TraceComponent" />
            </sm:component>
         </sm:activationSpec>

		<sm:activationSpec componentName="timer" service="lb:timer" destinationService="lb:httpGetData">
			<sm:component>
				<bean class="org.apache.servicemix.components.quartz.QuartzComponent">
					<property name="triggers">
						<map>
							<entry>
								<key>
									<bean class="org.quartz.SimpleTrigger">
										<property name="repeatInterval" value="5000" />
										<property name="repeatCount" value="0" />
									</bean>
								</key>
								<bean class="org.quartz.JobDetail">
									<property name="name" value="My Example Job" />
									<property name="group" value="ServiceMix" />
								</bean>
							</entry>
						</map>
					</property>
				</bean>
			</sm:component>
		</sm:activationSpec>

        <sm:activationSpec componentName="httpGetData" service="lb:httpGetData" destinationService="lb:trace">
          <sm:component>
            <bean xmlns="http://xbean.org/schemas/spring/1.0" class="org.apache.servicemix.components.http.HttpInvoker">
               <property name="url" value="http://localhost:8080/EsbServlet/hello/"/>
            </bean>
          </sm:component>
        </sm:activationSpec>

            <sm:activationSpec componentName="httpReceiver" service="lb:httpReceiver" endpoint="httpReceiver" destinationService="lb:httpGetData">
                <sm:component>
                    <bean class="org.apache.servicemix.components.http.HttpConnector">
                        <property name="host" value="127.0.0.1"/>
                        <property name="port" value="8912"/>
                    </bean>
                </sm:component>
            </sm:activationSpec>

      </sm:activationSpecs>
   </sm:container>                

</beans>