<?xml version="1.0" encoding="UTF-8"?>
<jbi xmlns="http://java.sun.com/xml/ns/jbi" version="1.0">
  <service-assembly>
    <identification>
      <name>JmsBindAssembly</name>
      <description>JmsBind Service Assembly</description>
    </identification>
    <service-unit>
      <identification>
        <name>JmsBind</name>
        <description>JmsBind Service Unit</description>
      </identification>
      <target>
        <artifacts-zip>jmsbind-su.zip</artifacts-zip>
        <component-name>servicemix-jms</component-name>
      </target>
    </service-unit>
  </service-assembly>
</jbi>