<?xml version="1.0"?>

<!DOCTYPE ejb-jar PUBLIC 
'-//Sun Microsystems, Inc.//DTD Enterprise JavaBeans 2.0//EN' 
'http://java.sun.com/dtd/ejb-jar_2_0.dtd'>

<ejb-jar>
  <enterprise-beans>
  
    <session>
      <ejb-name>statelessSession</ejb-name>
      <home>samples.HelloServiceHome</home>
      <remote>samples.HelloService</remote>
      <ejb-class>samples.HelloServiceBean</ejb-class>
      <session-type>Stateless</session-type>
      <transaction-type>Container</transaction-type>
    </session>
    
  </enterprise-beans>
  
  <assembly-descriptor>
    <container-transaction>
      <method>
        <ejb-name>statelessSession</ejb-name>
    <method-name>*</method-name>
      </method>
      <trans-attribute>Required</trans-attribute>
    </container-transaction>
  </assembly-descriptor>
  
  <ejb-client-jar>sample_statelessSession_client.jar</ejb-client-jar>
  
</ejb-jar>
