<?xml version="1.0" encoding="UTF-8"?>
<jbi xmlns="http://java.sun.com/xml/ns/jbi" version="1.0">
  <service-assembly>
    <identification>
      <name>AddressAssembly</name>
      <description>Address Service Assembly</description>
    </identification>
    <service-unit>
      <identification>
        <name>Address</name>
        <description>Address Service Unit</description>
      </identification>
      <target>
        <artifacts-zip>address-su.zip</artifacts-zip>
        <component-name>servicemix-lwcontainer</component-name>
      </target>
    </service-unit>
  </service-assembly>
</jbi>