<?xml version="1.0" encoding="UTF-8"?>

<beans xmlns:jms="http://servicemix.apache.org/jms/1.0"
       xmlns:test="http://AxisEndToEnd.axis.apache.binildas.com">

    <classpath>
        <location>.</location>
    </classpath>

  <bean id="connectionFactory" class="org.apache.activemq.ActiveMQConnectionFactory">
    <property name="brokerURL" value="tcp://localhost:61616" />
  </bean>


              <jms:endpoint service="test:MyConsumerService"
                            endpoint="myConsumer"
                            role="consumer" 
                            soap="true" 
                            targetService="test:pipeline" 
                            defaultMep="http://www.w3.org/2004/08/wsdl/in-only"
                            destinationStyle="queue"
                            jmsProviderDestinationName="queue/A"
                            connectionFactory  ="#connectionFactory" />

              <jms:endpoint service="test:MyProviderService"
                            endpoint="myProvider"
                            role="provider" 
                            soap="true" 
                            destinationStyle="queue"
                            jmsProviderDestinationName="queue/B"
                            connectionFactory="#connectionFactory" />

</beans>
